insert into lead_status(id, value) values(1, 'NEW')
insert into lead_status(id, value) values(2, 'CONTACTED')
insert into lead_status(id, value) values(3, 'MEETING')
insert into lead_status(id, value) values(4, 'WON')
insert into lead_status(id, value) values(5, 'LOST')

insert into salutation(id, value) values(1, '-None-')
insert into salutation(id, value) values(2, 'Mr.')
insert into salutation(id, value) values(3, 'Mrs.')
insert into salutation(id, value) values(4, 'Ms.')
insert into salutation(id, value) values(5, 'Dr.')

insert into lead_source(id, value) values(1, '-None-')
insert into lead_source(id, value) values(2, 'Advertisement')
insert into lead_source(id, value) values(3, 'Cold Call')
insert into lead_source(id, value) values(4, 'Referral')
insert into lead_source(id, value) values(5, 'Partner')
insert into lead_source(id, value) values(6, 'Web')
insert into lead_source(id, value) values(7, 'Seminar')

insert into activity_category (id, value) values(1, 'Outgoing call')
insert into activity_category (id, value) values(2, 'Incoming call')
insert into activity_category (id, value) values(3, 'Meeting')

insert into contacts(id, first_name, last_name, picture, lead_status, email) values(1, 'Patrick', 'Rules', null, 1, 'Patrick.Rules@crm.com')
insert into contacts(id, first_name, last_name, picture, lead_status, email) values(2, 'Ivo', 'Rocks', null, 2, 'Ivo.Rocks@crm.com')
insert into contacts(id, first_name, last_name, picture, lead_status, email) values(3, 'Johan', 'Owns', null, 3, 'Johan.Owns@crm.com')
insert into contacts(id, first_name, last_name, picture, lead_status, email) values(4, 'Gertrude', 'De Nil', null, 4, 'Gertrude.Denil@crm.com')
insert into contacts(id, first_name, last_name, picture, lead_status, email) values(5, 'Adelbrecht', 'Fonkel', null, 5, 'Adelbrecht.Fonkel@crm.com')

insert into addresses(id, contact_id, zip_code, city, street_name, house_number, bus) values(1, 1, '9000', 'Gent', 'Lange Breestraat', '26', null)
insert into addresses(id, contact_id, zip_code, city, street_name, house_number, bus) values(2, 2, '2300', 'Kortrijk', 'Feeststraat', '144', null)
insert into addresses(id, contact_id, zip_code, city, street_name, house_number, bus) values(3, 3, '4400', 'Muizingen', 'Kerkhoflaan', '12', '6')
insert into addresses(id, contact_id, zip_code, city, street_name, house_number, bus) values(4, 4, '5242', 'Baasrode', 'Paddestraat', '10', null)
insert into addresses(id, contact_id, zip_code, city, street_name, house_number, bus) values(5, 5, '1834', 'Oostende', 'Lange munte', '4', null)

